run,hidden_dims,activation,loss,l2,dropout,batch_norm,num_params,epochs,best_epoch,best_train_error_pct,best_val_error_pct,best_test_error_pct,first20_best_epoch,first20_best_val_error_pct,first20_best_test_error_pct,final_train_error_pct,final_val_error_pct,final_test_error_pct,final_val_train_gap_pp,min_val_loss_epoch,min_val_loss,final_val_loss
night01_baseline,256-128,relu,cross_entropy,0.0,0.0,False,235146,20,19,5.7540000000000004,9.9,11.05,19,9.9,11.05,5.982,10.38,11.53,4.398000000000001,13,0.2992864737033844,0.3518942913532257
night01_narrow,64-32,relu,cross_entropy,0.0,0.0,False,52650,20,16,8.526,10.620000000000001,12.0,16,10.620000000000001,12.0,8.309999999999999,10.9,12.85,2.5900000000000007,16,0.30489500517845153,0.3221866986274719
night01_wide,512-256,relu,cross_entropy,0.0,0.0,False,535818,20,20,5.058,9.48,10.73,20,9.48,10.73,5.058,9.48,10.73,4.422,8,0.2932677204608917,0.32539528505802157
night01_deep,256-128-64,relu,cross_entropy,0.0,0.0,False,242762,20,13,7.202,9.76,11.360000000000001,13,9.76,11.360000000000001,6.178,10.14,11.219999999999999,3.962,13,0.29868220076560975,0.3355994181632996
night01_tanh,256-128,tanh,cross_entropy,0.0,0.0,False,235146,20,19,5.978,9.98,11.41,19,9.98,11.41,6.492000000000001,11.1,12.0,4.608,16,0.29179716930389404,0.321793780708313
night01_sigmoid,256-128,sigmoid,cross_entropy,0.0,0.0,False,235146,20,16,6.986000000000001,10.040000000000001,11.19,16,10.040000000000001,11.19,6.252000000000001,10.09,11.379999999999999,3.8379999999999996,16,0.28754647102355957,0.295938623380661
night01_mse,256-128,relu,mse,0.0,0.0,False,235146,20,18,6.714,9.76,11.25,18,9.76,11.25,6.644,10.299999999999999,11.49,3.6559999999999997,18,0.014658222922682762,0.01550797502398491
night01_large_plain,1024-1024-512,relu,cross_entropy,0.0,0.0,False,2383370,60,56,1.7919999999999998,9.42,9.94,16,10.059999999999999,11.03,1.7239999999999998,9.85,10.65,8.126,8,0.29282315783500673,0.7380402262687683
night01_large_l2_1e-4,1024-1024-512,relu,cross_entropy,0.0001,0.0,False,2383370,60,21,6.419999999999999,9.719999999999999,11.16,18,10.18,11.03,3.882,10.16,10.870000000000001,6.2780000000000005,18,0.29648477988243105,0.39058581428527833
night01_large_l2_1e-3,1024-1024-512,relu,cross_entropy,0.001,0.0,False,2383370,60,57,8.341999999999999,10.38,12.01,16,11.18,12.620000000000001,9.214,11.28,12.78,2.066,58,0.29129503917694094,0.3133081863880158
night01_large_dropout,1024-1024-512,relu,cross_entropy,0.0,0.2,False,2383370,60,51,4.46,9.09,9.879999999999999,19,9.98,11.03,4.292,9.24,10.11,4.9479999999999995,14,0.3050781644821167,0.4491741095066071
night01_large_bn,1024-1024-512,relu,cross_entropy,0.0,0.0,True,2388490,60,52,0.9860000000000001,8.98,10.03,20,9.379999999999999,10.85,0.642,9.11,10.100000000000001,8.468,7,0.28343172903060915,0.5522351137638092
