epoch,train_loss,train_total_loss,train_error,val_loss,val_error
1,0.5155031203460694,0.5155031203460694,0.13374,0.38584497208595275,0.137
2,0.3816928281211853,0.3816928281211853,0.13834,0.4006445664405823,0.142
3,0.3396216269111633,0.3396216269111633,0.1113,0.3307114222049713,0.1202
4,0.30989741465568543,0.30989741465568543,0.10552,0.32469137201309206,0.1144
5,0.2911519282245636,0.2911519282245636,0.09826,0.3075401210784912,0.1123
6,0.2731291667175293,0.2731291667175293,0.10026,0.3229408834934235,0.1127
7,0.25953176104545594,0.25953176104545594,0.09254,0.3114863813400269,0.1093
8,0.24919728887557985,0.24919728887557985,0.08036,0.29282315783500673,0.1022
9,0.234422700009346,0.234422700009346,0.08326,0.3182320851802826,0.1098
10,0.22534941334247588,0.22534941334247588,0.09076,0.3484243493080139,0.1151
11,0.22472799580574035,0.22472799580574035,0.08166,0.30564305090904237,0.1047
12,0.20569375776767732,0.20569375776767732,0.07092,0.3254097214698792,0.1029
13,0.20070806968688965,0.20070806968688965,0.0724,0.3245355073928833,0.1017
14,0.1918022215652466,0.1918022215652466,0.0794,0.3546126488685608,0.1099
15,0.18650531597852707,0.18650531597852707,0.06536,0.3418501296043396,0.1009
16,0.178010197660923,0.178010197660923,0.06252,0.33173203830718995,0.1006
17,0.17147737936496735,0.17147737936496735,0.06344,0.355047106218338,0.1028
18,0.1652936673974991,0.1652936673974991,0.0606,0.3605036586761475,0.1008
19,0.15935038305521013,0.15935038305521013,0.06196,0.39610475523471833,0.1011
20,0.15464758567094802,0.15464758567094802,0.05666,0.395703333568573,0.103
21,0.14383508481502533,0.14383508481502533,0.0524,0.3755905951023102,0.0973
22,0.1487092702960968,0.1487092702960968,0.05356,0.3703287940502167,0.1023
23,0.13607471235513688,0.13607471235513688,0.04484,0.40541323964595793,0.0959
24,0.1374589569735527,0.1374589569735527,0.04556,0.36978474545478823,0.098
25,0.12449589957475662,0.12449589957475662,0.04168,0.4477844247817993,0.0951
26,0.12537882071435452,0.12537882071435452,0.04222,0.39720257172584533,0.0949
27,0.12488627471923829,0.12488627471923829,0.04292,0.4490265269756317,0.0979
28,0.1176772955584526,0.1176772955584526,0.0373,0.48451797897815707,0.0972
29,0.11296220841646194,0.11296220841646194,0.04046,0.4650933367490768,0.0977
30,0.10831496805429458,0.10831496805429458,0.03958,0.47093371081352237,0.1029
31,0.11402690712094307,0.11402690712094307,0.04914,0.4250806862831116,0.1024
32,0.10345783399820328,0.10345783399820328,0.03546,0.500126812505722,0.0959
33,0.10202663578808308,0.10202663578808308,0.03488,0.480207798576355,0.0982
34,0.0944180158251524,0.0944180158251524,0.03608,0.5441878238201141,0.1008
35,0.09718539704084396,0.09718539704084396,0.03074,0.5150032792568207,0.0967
36,0.09436418850421906,0.09436418850421906,0.03476,0.5403489374637603,0.1007
37,0.08851905649363995,0.08851905649363995,0.03042,0.5460498512268066,0.0974
38,0.0899444443488121,0.0899444443488121,0.02834,0.5416448261737824,0.0949
39,0.08136237234868109,0.08136237234868109,0.03338,0.6301954033851623,0.0996
40,0.08530889949321747,0.08530889949321747,0.02624,0.5632861497879028,0.1016
41,0.08642290835142136,0.08642290835142136,0.03392,0.6109034736633301,0.099
42,0.08479175149291754,0.08479175149291754,0.02164,0.5758011251449585,0.0959
43,0.0744702829477191,0.0744702829477191,0.0285,0.5809096070289612,0.1006
44,0.0762094300751388,0.0762094300751388,0.0314,0.7152138145446777,0.1005
45,0.07444167077064515,0.07444167077064515,0.0297,0.6346372230291366,0.1048
46,0.0772780111566186,0.0772780111566186,0.0226,0.6434358493089676,0.0959
47,0.07371759450137615,0.07371759450137615,0.0276,0.5788627103328705,0.1007
48,0.06229863718062639,0.06229863718062639,0.02146,0.6069670474529266,0.0971
49,0.06467567609578372,0.06467567609578372,0.02008,0.7126019506216049,0.0948
50,0.06643154710456729,0.06643154710456729,0.03034,0.5561896039009094,0.0997
51,0.07195878298550844,0.07195878298550844,0.02378,0.6463980341672897,0.0986
52,0.06797588323771954,0.06797588323771954,0.03082,0.7337571182727813,0.0992
53,0.06573706994265317,0.06573706994265317,0.01952,0.6993842549324035,0.0973
54,0.06047629166226834,0.06047629166226834,0.019,0.6929342028856278,0.0964
55,0.06603531664207578,0.06603531664207578,0.02808,0.7167862530946731,0.1075
56,0.05833122943535447,0.05833122943535447,0.01792,0.7073416485786438,0.0942
57,0.06310791913241148,0.06310791913241148,0.01506,0.7037406692028045,0.0961
58,0.05382160230562091,0.05382160230562091,0.01598,0.7325052939414978,0.0988
59,0.06297420614525676,0.06297420614525676,0.01446,0.7224919152021408,0.0977
60,0.054182199383080006,0.054182199383080006,0.01724,0.7380402262687683,0.0985
